"","ENSG00000228978.2","ENSG00000231314.7","ENSG00000204490.3","ENSG00000204487.8","ENSG00000228849.3","ENSG00000236925.7","ENSG00000228321.3","ENSG00000223448.7","ENSG00000223952.3","ENSG00000236237.7","ENSG00000206439.5","ENSG00000206437.10","ENSG00000230108.3","ENSG00000238114.7","ENSG00000262795.5","ENSG00000028137.18","ENSG00000188257.10","ENSG00000119535.17","ENSG00000177606.6","ENSG00000116678.19","ENSG00000184371.13","ENSG00000143575.14","ENSG00000134470.20","ENSG00000134460.15","ENSG00000107968.9","ENSG00000026103.21","ENSG00000107447.7","ENSG00000026508.17","ENSG00000110395.6","ENSG00000010278.12","ENSG00000067182.7","ENSG00000111321.10","ENSG00000175899.14","ENSG00000139567.12","ENSG00000135503.12","ENSG00000170581.13","ENSG00000139269.2","ENSG00000179295.17","ENSG00000213928.8","ENSG00000006327.13","ENSG00000185338.4","ENSG00000077238.13","ENSG00000141506.13","ENSG00000108688.11","ENSG00000168610.14","ENSG00000259207.7","ENSG00000177885.13","ENSG00000184557.4","ENSG00000175354.18","ENSG00000105246.5","ENSG00000105397.13","ENSG00000096996.15","ENSG00000105329.9","ENSG00000115386.5","ENSG00000115590.13","ENSG00000115594.11","ENSG00000115604.10","ENSG00000125538.11","ENSG00000115145.9","ENSG00000115232.13","ENSG00000115415.18","ENSG00000196396.9","ENSG00000243646.9","ENSG00000142166.12","ENSG00000159128.14","ENSG00000177663.13","ENSG00000100292.16","ENSG00000100368.13","ENSG00000172936.12","ENSG00000163823.3","ENSG00000056736.9","ENSG00000004468.12","ENSG00000163739.4","ENSG00000163737.3","ENSG00000163734.4","ENSG00000138755.5","ENSG00000169245.5","ENSG00000169248.12","ENSG00000156234.7","ENSG00000137462.6","ENSG00000145431.10","ENSG00000145623.12","ENSG00000134352.19","ENSG00000164400.5","ENSG00000125347.13","ENSG00000170458.13","ENSG00000232810.3","ENSG00000227507.2","ENSG00000030110.12","ENSG00000137193.13","ENSG00000146072.6","ENSG00000027697.13","ENSG00000136244.11","ENSG00000135218.17","ENSG00000104432.13","ENSG00000122756.14","ENSG00000205755.11","ENSG00000198223.16","ENSG00000185291.11","ENSG00000147168.12","ENSG00000131724.10","ENSG00000124334.17"
"SRR1182244",0,0,0,0,0,0,0,0,0,0,0,0,0,0,0,2.26130065800861,0,0.00293700122985583,45.2041458985208,0.633596408059661,5.43736068772263,20.2987575909632,0.211182026516263,0,0.756222763207449,5.79172430040501,0,81.3966492968639,4.48306819736651,19.5931714367425,39.2325159617699,16.6314480609988,0.0542894372071377,4.99540378644534,4.25507060323247,14.9938023335869,0.164218795134028,19.1547790991478,5.57890505490744,111.710035331638,4.28430079484768,7.2411461356919,0.00659631850958028,0.315545558552726,10.0434226662592,2.01698726563287,18.9501908297077,10.4764713807565,1.00869633135967,0.231364330527615,13.2131817318373,0,134.858181161487,0,0,4.2291034693506,0.0113742170303031,0.135934017193066,2.90851881664415,3.31186867717285,62.1046765933613,12.877277168099,4.99692012541897,8.2074669500911,21.3687626693554,5.42187816314896,5.92908375013636,0,10.1407061471013,0,0.285207181641184,0.00361137612931507,0.15281471213861,0.0409867274279053,0.0334691077509528,0,0,0,0,0,8.24166655253688,11.1598620305429,18.6735565449291,0,0.907835779305817,0.669435393260442,0,0,10.7440072476476,5.02271211062771,2.78203540474207,5.84476153381488,1.56744022281565,0.0146847157883073,0.160563571362619,0.0234542713088155,0.0246328192701043,0.10341925166143,0.405361131146628,0.00896955919074448,14.4051284730698,0.00988657482685894
"SRR1182246",0,0,0,0,0,0,0,0,0,0,0,0,0,0,0,1.10820130132739,0,0.0150040664114113,19.263342797045,0.155722942915128,2.64703135357227,78.8393619885159,0.132246353321626,0,0.491688381267706,2.45623375959923,0,42.9495042761373,0.775620771404481,22.2270039703788,17.1025617386805,13.4887135220765,0,3.77400378523426,2.04484593531183,8.1939006964202,0.327184196052382,8.29082366081937,7.96016422158423,136.406147450355,4.19155314019634,3.59195058803377,0,0.234473744207251,6.61624331995046,0.236014579292364,12.6308373395295,13.8588862561167,1.26816467840716,2.40331022513675,4.4403357125216,0,77.2173434899912,0,0,1.83195647256971,0,0.26960504527125,1.21323844861328,0.352148344158878,42.7525907987264,4.45662580334728,10.0107606159725,7.07714119039166,20.8588852826581,2.97838223620674,11.8633965140836,0,6.44869658912392,0,0.108235719892246,0.0221390417123477,13.0372648491101,0.125631730909059,0.25077278658849,0,0,0,0,0,5.79321088061749,3.86071527686245,5.77359737264676,0,1.12539655587331,0.0938796320755572,0,0.115346570745603,8.49608245080173,8.53041000234554,0.344756301157581,4.85020248622486,0.0733509574374787,0.0600150789671353,0.104396807838739,0.0119819304388239,0.0377520226214287,0.0594372575475758,0.443751844848373,0,15.3197915036674,0
"SRR1182248",0,0,0,0,0,0,0,0,0,0,0,0,0,0,0,0.872214175993402,0,0,35.6019775463983,1.21206399338019,3.7150992767561,25.6486566203395,0.781564334917472,0,1.2962551607501,14.4653904447754,0,118.529014654112,6.22905443473799,56.8288007811244,46.7000399458748,15.8566958262798,0.00773729103489728,2.7294583674106,3.16422296043811,6.09249165263904,0.0737236805474391,28.9490628391405,5.63080641292414,185.56485767013,2.70159675083636,12.5247077006038,0,8.58543440905867,9.97762839546935,1.118522795561,27.4520660939231,7.55195829338545,2.32664734939628,0.384695217809846,5.79421541571092,0,59.1655304670082,0,0,22.7099224934114,0,11.1441582292632,6.1734768242569,6.57056121137707,59.211820164379,18.634613503183,7.82519809346263,15.6157075076709,23.3374054238337,5.01547028823866,11.4296228318151,0.034576406176749,7.90020669009986,0.0271300984804747,0.235755614390511,0,0.914719740125634,0,0.0667798999100283,0,0,0.0388324417977863,0,0,4.63656438987336,18.9723380501079,57.3952182354035,0.345199190365074,0.918355630873665,0.523805577590501,0,0,18.4672487136214,8.85191837194471,2.50065802669116,20.768514239632,11.1848693598059,0.0195333132839483,0.320367644831737,0,0.0245745601824797,0.103174654760907,0.592160673870805,0,24.1381818705477,0
"SRR1182249",0,0,0,0,0,0,0,0,0,0,0,0,0,0,0,0.75436141587016,0,0,36.3507217025252,1.21888950839792,3.83003045792655,28.4637022247583,0.91772124965315,0,1.22112134649972,14.0159933088644,0,118.22500848295,6.2895527001609,57.9964016469644,46.940107368813,15.4948822182856,0.0116088799124184,3.0291437318137,2.98267828886489,6.0616861980661,0.114710364958795,29.5367989635626,5.93826335416636,180.759406626588,2.5812842008687,12.5069274207025,0,10.2765087217287,9.83438120282807,1.26498218071596,26.6732871802089,6.96655082872928,2.18803148765683,0.26935494575605,5.93063789068305,0,61.1488965644888,0,0.0160779020199325,22.7610225972561,0.0113501936382386,11.5379667545037,6.5277005190096,7.23820494749333,59.4635482123467,17.6245377074498,7.87606857030741,16.2077576796209,22.6923481950709,5.23545581105515,10.7751258128291,0,7.71642160471756,0,0.195157575670517,0.00720749714183115,0.800582755441592,0,0.211523313483055,0.0270478428324375,0,0,0,0,4.65540784232471,18.90139250543,56.8222238811186,0.345286735692362,0.918588533344226,0.628726102743405,0,0.0321872266496759,19.2313586316205,8.55542863409093,2.57688071491234,21.9268126437865,11.8921612700879,0.0561725178876327,0.429692833362014,0,0,0.032250256466875,0.361165152830793,0,24.4324756325435,0
"SRR1182252",0,0,0,0,0,0,0,0,0,0,0,0,0,0,0,2.00759700031728,0,0.00578694162870494,36.6042669408368,0.795808557461711,3.8622772598752,34.4728972135792,0.194629306365199,0,1.40198182651892,8.77387025772179,0,73.8146937965356,2.85023831839956,31.1757166380553,35.4052501331198,13.5071926415203,0.0993289008221493,3.90515393924619,3.36903435473165,14.532034440793,0.169874088019143,22.1178923725492,7.41185885998578,172.980238870226,1.63257418001838,7.51451356250855,0,0.932606212407694,7.80494379182695,1.03240013243444,26.8093544363472,9.39344768301696,1.9839681943681,0.189945992945304,9.40921720600686,0,53.7493426085383,0,0.0317462616260032,4.91018034656168,0.0112056354211702,0.181184918076896,3.84027683655635,2.79049679872624,66.0676535450223,11.3344877500778,7.13760909691063,8.93736743787568,26.3253595452349,3.78143877349955,6.16571801266512,0.0048778130988354,8.83484573554418,0,0.313092019181337,0,0.338737020752458,0,0.0549550822311333,0,0,0,0,0,10.6007184366787,9.41702138540148,18.488654470618,0,0.947542870205876,0.491402167963269,0,0,12.1724811508008,4.35021625038897,1.9402705789526,12.4743761668,2.6286909643313,0.00482235600478042,0.44579070183932,0,0.0242677268598776,0.171933359880621,0.470666176203415,0,21.1423966658122,0
"SRR1182253",0,0,0,0,0,0,0,0,0,0,0,0,0,0,0,2.19523083262189,0,0,37.9516202439362,0.86867109347942,4.13203976027161,34.651235426336,0.234878861269176,0,1.25287983213119,8.66422841274161,0,72.1987278366652,2.97464903288472,30.3822769099942,34.48298494474,13.1993435328279,0.0420204421785448,4.46129761262877,3.64735558300884,14.930085279925,0.299278293565798,22.5467290476851,7.49483429203741,171.475353515574,1.79170799689088,7.27393725578623,0,1.41292796201322,7.69639434320384,0.926866594507543,26.2849481470657,9.40162472643122,2.03314229623593,0.303889552951379,9.94136781630374,0,53.6622447339347,0.0141374705068685,0,4.95799473938463,0,0.236309463414226,3.75293836988541,2.83040175731265,67.6135679547019,11.7137916822222,7.23356361175147,8.38319916336107,27.0071060319639,4.08881274744217,6.79392163755229,0,9.32934833009659,0,0.329121988676193,0,0.338710230893724,0.0807521080276429,0.0329704415831656,0,0,0,0.0170420241959107,0.0116129222020706,10.0417621394375,9.49446230719325,17.9622861662762,0,1.0475305512446,0.672391889960819,0.0291015950171219,0,11.7856460449494,4.83319133636729,1.9061989962286,12.0655145025947,2.73456534405451,0.0144659238503301,0.431376237458989,0,0.0242658075864161,0.120980573332275,0.470628952399701,0,21.7096833810528,0
"SRR1182258",0,0,0,0,0,0,0,0,0,0,0,0,0,0,0,0.540216971056648,2.00665306418625,0.00339949288589416,12.8539742796329,0.0957664353858991,0.576471296296975,45.7538441608491,0.394253240715491,0,0.763903152285305,0.404246304282181,0.0871835462531498,2.31924241678973,2.59206931161707,46.8857378717854,7.44082360964045,1.52397209056647,0.206469137628335,0.227415282025412,3.1927666765058,4.27305460182828,4.80898465035229,13.5539896665158,1.68421576023986,27.5999455912659,36.490406395849,2.63013066076421,0.553540794378401,0.232422107469772,8.11308922041861,0.123903546920536,16.1317290703904,2.79835585877795,6.2185806897664,2.87882242526561,4.37451241745147,0,16.5749078837039,0.0166112032088127,0,0.194184332301241,0.0197479845177132,0.925527310568537,1.55850078928079,0.0253866951963566,5.94578438331631,12.1183475228063,1.12777578513657,2.64669377265315,11.6940625832851,1.66167182165182,9.75795950658227,0,5.77540178749118,0.0209844932517041,2.04673753822871,0.0167202483064636,6.61083590665538,0.474409363165595,0.477787311763168,0,0.0243659230741513,0.0300359806448657,0.0400479741931543,0.238786046126683,0.163943932974515,0.611111208096723,0.826448476478058,0.327686060758345,0.694405375837051,0.015193173666597,0.0170968529446312,0.616021330724211,23.0063662524948,26.1806400590357,9.25387258591639,4.14601676355313,1.17719558747809,0.0339942566903038,0.0760285760073164,1.34380778208668,0.0427676500525402,1.08482433488362,0.804331944847773,0.0207640040110159,3.29013527417003,0.0114434207408953
"SRR8670612",0,0,0,0,0,0,0,0,0,0,0,0,0,0,0,0.97738234823306,0,0,44.0823482474812,0.991426309635221,21.2208494981476,16.0840246461471,0.626018832910375,0,1.20672445729923,10.6740662408881,0,64.8982100590955,4.41770045586748,38.7021856530836,32.1733654391902,16.5700482686963,0.528522362650151,0.983905772085078,2.89304984219273,26.5236288135018,0.0763022786783935,19.4029752182205,8.1453788610779,73.1013402830783,0.208663374344995,3.97253431205494,0,0.029619076891381,14.7734355740507,1.51250079037052,19.2847699374762,5.8433758589205,0.956562232268576,0.199075259791759,9.1104222271416,0.00594724601146157,44.9414058965076,0,0,4.67342030885982,0.00587210276987407,0.0247686660438584,5.46985492827059,5.25395414405686,58.7322072976702,10.6457822891046,6.03061468389225,10.9246916713389,15.9239762266185,4.47803009014448,13.9444397192214,0.0357857687001666,6.38230591723058,0,0.445933824205029,0.00745769901014204,0.749481487327121,0,0,0,0,0,0,0,16.0734781382961,29.085111902053,27.6271812200797,0.0974381068256487,1.06518920260419,0.596339123923394,0,0.0333045776641848,4.37961971627587,3.27994712881223,3.0645075123727,10.9860739050075,0.840099520683327,1.82454099297509,0.550109736167486,0,0,0.00667395910111275,0.403598895114661,0.00926132730335574,14.72754400662,0.0102081722672771
"SRR8670613",0,0,0,0,0,0,0,0,0,0,0,0,0,0,0,0.907132740638093,0.121042097568291,0,37.2118754610905,1.31396413324435,21.9512374028237,23.3886822687867,0.919036440793091,0,1.27437059818324,13.4036406455487,0,64.300266930014,4.49953892762059,32.1791645518454,34.6101253229331,14.923208894583,0.215648896807229,1.06732892259282,2.69730827131695,27.618685011381,0.177573574728606,27.0772339938198,9.62931121503966,60.535622305092,0.60354307119128,2.94999039834054,0,0.0295417054464905,14.7753483459193,2.23381414272274,20.3912686748965,5.8374366741043,1.71289390075848,0.059566569626919,6.21835234816637,0.00593171051659407,32.8326222382149,0,0,10.6254044606168,0.00585676356543104,0.008234654974264,7.34809121268362,6.36313603724005,64.4080238907176,9.99969549703274,9.68095587932167,19.5103062150689,24.3403492661176,3.65375906168837,16.1977478049443,0.00509889836006427,6.72354108145852,0,0.50351201712287,0.0037191089424247,1.55406238597638,0,0.0919134449763725,0,0,0,0,0.0060701170953146,16.6240678697965,37.7442148607768,47.984628400325,0.0323945257945633,1.44487310882703,0.432568259602483,0,0,4.55258782148595,5.63499348492154,3.13451053567233,15.1023380054023,0.505207425719272,0.972899044480873,1.02218481274873,0,0,0,0.17890871438822,0,21.3717549058046,0
"SRR8670614",0,0,0,0,0,0,0,0,0,0,0,0,0,0,0,1.01482243493226,0.0151209546585752,0,39.1322831515719,1.28178351090835,22.0600020563287,23.2324171222315,0.932493545338468,0,1.44339821003572,14.9470085718903,0,65.6819719355475,3.79360795845606,32.3061098431469,36.4655507848879,16.5652827249318,0.247444569733921,0.975676599155148,3.12104210790691,28.686077189185,0.177464338505368,24.5319242134652,9.9927430670407,63.4350640515238,0.311985411424888,2.84442756338685,0,0.0295235325604857,14.3383354341703,1.84973599073829,21.4322378530549,6.48619267936746,1.66030092161022,0.178589779904434,6.55309088744663,0.00592806156344793,35.2359805155815,0,0,10.1908040043693,0,0.0576071253869168,6.77616280103349,5.86905855606285,64.52835549866,9.76025630099836,9.10917827245182,18.5723167589936,26.6838873848201,3.42029601941513,15.4250084495476,0.00509576171993984,6.78327769688658,0,0.536749094924539,0.0111504632821441,1.43514894118676,0,0.0574105646680919,0,0,0,0,0.0121327659998568,17.6570466891532,37.7245476646229,44.3246815555464,0.0323745979665809,1.35904402839785,0.351245505616214,0,0.0165985723776542,5.22937572525472,5.51170733564202,2.80656695562751,15.7669328985303,0.591098507871224,0.97985729562857,1.03657888760569,0,0.0126760241789548,0.0332621522189285,0.491696306309985,0,20.9564949049676,0
"SRR8670615",0,0,0,0,0,0,0,0,0,0,0,0,0,0,0,2.80978967353793,0,0,38.8880437335963,0.831992623753435,15.619757343925,18.5880974896871,0.82794810288651,0,2.25169741708491,14.766414671809,0,94.2084614612345,4.84114401851404,32.3536244086646,31.6226069892582,15.7494781002991,1.3020592667049,0.890406173386746,3.14131713015489,19.5419237889846,0.0253711392688218,23.0799877536038,8.64270467190389,94.6378503604291,0.832587590699295,7.58364186866913,0,0,13.1540949967821,3.91696554426195,23.9354588021182,11.4712998563109,1.25629479600081,0.25815726989654,8.92975698470007,0,58.468997102025,0,0,8.08894461199037,0.0234302733426749,0,6.18431027063767,7.91628675478446,48.3674175103312,12.5123791180213,6.95756634823459,14.1592579563745,19.9332298477682,2.66944480268337,19.5078215118109,0.0305975939581991,8.39279703917344,0,0.595904424794859,0,0.905021426232741,0.0422152234522614,0.0574537966768047,0,0,0,0,0,24.7548923048187,23.973233348208,29.8089452546919,0,1.87336211245545,0.594863085083404,0.0608544032581525,0.0332221432770891,6.10937492384174,6.49226744494315,0.212778817511816,10.2844888288125,0.258800335557508,0.022687291615076,0.691572976649547,0.0120786333326224,0.0126855696344109,0,0.328044379668801,0,20.5232031753017,0
"SRR8670616",0,0,0,0,0,0,0,0,0,0,0,0,0,0,0,2.24689329841545,0,0,32.9520150702733,1.00953329577832,13.3295111501312,20.3684410986416,0.837137523970553,0,3.09526715100035,18.5616542932474,0,92.5497119867396,3.9936132562008,24.456226606015,33.0134389694136,13.730661740076,0.4765284715083,0.943446284767694,3.06412782820861,22.1663720642107,0.0508743302330196,27.7484048457312,9.22445873477186,81.8114564239903,0.772147742740748,5.6081957529904,0,0.0296226546258312,13.9135981750199,3.0137309485671,23.2388406464694,15.4564272521136,1.99831149540124,0.119459583841553,7.68100607812756,0.0059479643885743,49.4154640353786,0,0,15.5306229145593,0.0411096844922229,0.0165144385930829,8.06162044697816,8.31221586764147,51.2596278513423,12.2729128502002,8.71818564449983,17.5392301416704,24.2084039495557,2.40479175528757,22.4392286231838,0.0204514807536739,8.61330851495917,0,0.706848413145411,0,2.01200910192393,0,0.0806446401958749,0,0,0,0,0.0060867502243077,26.6156294539252,30.6708068802047,37.9943700506129,0,2.33386560722782,0.515082362566018,0.0610127707448505,0.016654300288008,6.89960104540196,7.47093897199205,0.263110148778141,12.9959574800913,0.3583210136881,0.0278010736888795,0.731056026351108,0.0121100667655577,0,0.00667476525903194,0.298998256632659,0,28.7745130343176,0.0102094053283116
"SRR8670617",0,0,0,0,0,0,0,0,0,0,0,0,0,0,0,1.98293292839125,0,0,33.3348456841638,1.08269812848592,13.754952266262,21.4068132512877,0.834608413514245,0,2.85942667135681,19.1228289992078,0,89.406385201679,3.7340580909213,25.5180202747195,34.8483033886552,14.4359357825914,0.566912699828522,0.905197226345916,3.05487066614397,22.1369528740697,0.0507206317105358,26.6193943303976,10.0564614653434,86.4327732479917,0.873844026327231,5.36639170958083,0,0.0885994812324829,14.4384578113079,3.04522909720886,23.676645776238,16.6495946371968,1.91862276887698,0.198497799334457,8.1394706940675,0.00592999474977763,52.5248717235064,0,0,15.4980961161347,0.0117101389545345,0,7.60793184234575,7.63549006044377,52.5995491479145,12.3304416195333,9.10094079017147,17.146467355187,25.8659799910037,2.29598423989808,23.611350371794,0.0101948469738177,8.95786880000778,0,0.604039649534952,0,1.75027272505744,0.0843944285912061,0.091886858709488,0,0,0,0,0.0060683612939391,25.6921809576185,31.1359209919634,39.0782352658149,0.0323851555712125,2.00655085329019,0.594609314485656,0.0912426638468171,0,6.78657873822177,7.55966566835827,0.212688045350856,12.2131966858648,0.443468452220199,0.0176381435533178,0.713819621545313,0,0,0.0133091997047228,0.283190193717158,0,28.1512557391158,0
"SRR8670624",0,0,0,0,0,0,0,0,0,0,0,0,0,0,0,1.36224190893647,0.0150724300880064,0,44.954203977257,1.2173605418266,49.8659581949828,13.4468807428073,0.887568705746539,0,1.71382445478607,50.2924783562202,0,151.841851806585,3.87661874781405,37.6837022728503,40.7177088658489,22.1738847262306,0.151172885108873,1.073327484273,3.0128304343315,26.0497433425257,0.143200583705122,19.9400974606828,12.5043962826587,71.9857792909344,0.580503878818074,5.41637006884144,0,0.0588575775163169,21.0594876997742,1.89581944948552,17.9330277449763,4.30096258058106,1.31370351134057,0.0988981491366461,6.27332877310503,0,30.4011566555203,0,0,8.31508494357422,0.0175031321146042,0.0328127192484376,5.11203897567308,12.9990695810515,68.4331404310461,7.68007637250959,11.458824916643,14.9093268273254,13.015985407874,5.27840304818393,14.4567792897963,0.00507940893965815,5.96566329463485,0,0.451428707606221,0.00370489346437502,0.940631285121879,0,0.0572263287478385,0,0.0215961264441248,0,0,0,29.379381226165,39.8975040074904,52.3902876427934,0.0322707048262906,1.18860383573229,0.350118325639215,0.0151533679584074,0,5.21259416501989,2.6275746614288,5.60924992780051,19.2922708268229,0.57692658328645,1.48892214593044,0.621448912133883,0,0,0.0198932464999666,0.475266333535265,0,18.4029820686608,0.0101425897357391
"SRR8670625",0,0,0,0,0,0,0,0,0,0,0,0,0,0,0,1.70181717292171,0,0,45.1261780205701,1.17840223418497,49.3751354504465,14.8701704715154,0.874873220141054,0,1.40842082155422,47.3086275880124,0,147.741704553423,4.05782575133312,39.0762687627808,39.5906978341387,22.7614419453139,0.122526017103486,1.13145530632767,3.06869219619337,27.5413336715366,0.0418448666981572,18.3449969079534,14.2522799811526,86.4703112024113,0.535545975586701,5.96777090920773,0,0.0584761404843309,19.9523086456098,1.86630581501396,18.7638291664109,4.32846423420108,1.15206699315135,0.117908666443873,6.12836082212263,0.00587074328036035,34.7472251840862,0,0.00821101679758829,7.34922404051587,0.023186266592225,0.0163000352835845,4.74751965564986,11.0881005489342,77.6565995534681,7.56786315224311,11.1515465664396,13.7274804687976,12.6418007432299,5.42849621285018,16.3145392650842,0.00504649092379776,7.24270758053201,0,0.382058233203912,0,1.42127252097699,0,0.0341132779887185,0,0.021456168893698,0.0132245569281912,0,0.0120154545804709,26.9467998282174,34.0747170823479,47.4995798746612,0,1.15178277270932,0.468258701837014,0.0150551638538119,0,5.79479518374607,2.11047403430575,5.5167480752504,18.8924446291534,0.426841909939395,1.36701780832485,0.639737941401249,0.0119528444429127,0,0,0.368895535365333,0,16.8639598345575,0.0100768588733981
"SRR8670626",0,0,0,0,0,0,0,0,0,0,0,0,0,0,0,1.71826713918128,0.0298860120595168,0,50.1801127697198,1.07182226363317,53.8433906137718,15.0606431978766,0.900733481237913,0,1.54527945026148,47.7648462055097,0,157.838588003982,3.33717800589287,40.077219174268,42.109540235365,24.7499604989748,0.0631051758399571,1.01415276339464,2.98695983885702,25.4922081380723,0.0417561611279318,15.4164246317264,13.5849609074361,92.0776225932065,0.575519203660409,6.04055933770649,0,0,19.7442861162718,1.42684622778233,18.0833661996192,4.43901287753799,1.18600529435148,0.0980489297513352,6.13023970900275,0.00585829808286246,32.9550507562339,0,0,6.71510167831567,0.0115685573903712,0.0325309627392027,4.30252980680814,9.71657572120942,69.9586710826504,7.33997054161057,11.9195936653007,13.1669084593986,11.8749443795809,5.59532559114286,16.7929563895506,0.0100715860640572,6.16692127386803,0,0.281792236815292,0,0.835413195899802,0,0.0226939749077448,0.00918940334311784,0.0428213693199709,0,0,0,28.5013460448533,33.0513402443637,42.0390083399114,0,1.2332817914059,0.547368807829193,0,0,5.79389388178695,2.0552531185471,5.56808826211783,19.4595891766643,0.401597801007595,1.45124435871115,0.52703612216101,0,0.0125268483383795,0.00657414233946289,0.427011689850376,0,16.7591007813394,0
"SRR8670627",0,0,0,0,0,0,0,0,0,0,0,0,0,0,0,2.13126659560543,0,0,34.2610860021669,1.02761013314046,22.849543887563,20.2727275373228,0.629054969516542,0,3.04713458602359,40.6110801857961,0,102.314108572125,3.90517158375707,26.2236620387118,33.9489021199094,17.7839337991933,0.684331576487009,0.750908020556094,3.33010227764195,17.9906883835478,0.00842449146571997,23.8555256029169,7.87301368490126,111.096818733769,0.601302376575695,7.03300674707258,0,0.0588640597199206,16.39805944447,2.62438055602917,24.6081164213797,12.6720498072841,1.74690430315176,0.197818082314219,6.57778273484152,0.00590968863870305,43.4025091132437,0,0.00826548707098787,12.3897293960749,0.0408451395322812,0.008204083258768,6.02634361460674,8.35516880875961,51.7018751755566,10.4905557814165,9.19822765914314,16.2130080297578,21.8472963325152,3.07238015202261,30.9550670375743,0.0203198734153166,8.80621237571535,0,0.493281983008426,0.00370530149805189,1.05832674038107,0,0.0343395787775742,0,0,0,0,0.00604758137360612,26.644175158158,27.9384097296249,37.8018092795433,0,1.87917793317054,0.377092030506935,0.0909302211305933,0.0330942563767371,7.09633915611756,7.4057986750482,0.374462201325375,13.2877429714123,0.552437351189733,0.0251110645270842,0.629005515509505,0,0,0.033159062361809,0.237659338190837,0,20.2176233661087,0
"SRR8670628",0,0,0,0,0,0,0,0,0,0,0,0,0,0,0,2.23541911706376,0,0,36.5361108804692,0.991675164375064,23.1719593175043,20.4711952077847,0.709594583253538,0,2.92757463989191,42.1093184808627,0,106.071296286722,3.72755460183514,26.2159621569038,34.6486049340713,17.8336042679172,0.65737056301937,0.792540735013714,3.29231199596407,18.3203784029838,0.0167701799209401,23.0743993079223,8.28264113466152,115.898822330889,0.804865961634181,7.56629887193104,0,0.0292943757019898,16.143491504858,2.73293057797865,24.9272402403096,11.3644498235824,1.69124756608415,0.137825018392306,7.39805605041779,0.00588204891363825,45.1670328737732,0,0,11.5429766356717,0.0290386471753012,0.0244971378205593,5.90432428745424,8.1913021580676,50.0859584338279,10.3163685312095,10.1557764871818,16.0890327544163,20.8141586704397,3.18671001072386,31.1361575616136,0.00505620924616344,9.31006691227638,0,0.532582935738085,0.00368797173316079,0.916828065469451,0,0.0341789719208885,0,0,0.0132500242299881,0,0.00601929672162315,26.6822842661387,26.7963584526253,36.259201799193,0,1.9222541883414,0.428946701689369,0.10558909523611,0.0164697369581871,7.13172371068261,6.42853610907915,0.344581714968023,12.6159402233133,0.513196685207503,0.0199948956842845,0.618610506237567,0,0,0.0396047721631601,0.458311364418324,0,20.140412630818,0.0201925289383524
"SRR8670629",0,0,0,0,0,0,0,0,0,0,0,0,0,0,0,2.45573733285543,0,0,38.194552741511,0.952322551032453,23.8645170050107,18.7504420851197,0.736139258344456,0,2.55411050740237,38.5725761924919,0,104.189689537324,4.12977408401038,23.6780230048056,34.8986707939435,18.6212420344874,0.610596282250319,0.834082503204685,3.17012651417728,18.6587032559634,0.0338009010796652,22.6623238135297,8.54843630926183,120.535261578819,1.16468247720218,7.82823621664617,0,0.0295219341701015,15.8814705553865,2.56861655226157,24.7373087903953,11.0706605253444,1.72279105047786,0.158737876565717,7.56084935323834,0,51.2145109913168,0,0.00829073517370571,10.8772759942008,0.0409699068048664,0,5.92472978566044,8.09692756525387,47.7265107503348,10.8315326271602,9.11988890047549,14.8999089923376,20.2356202779943,3.34680261698791,31.8653251558849,0.0101909716755191,8.69259993129947,0,0.620582541135953,0.00743323973414957,1.08121805970978,0,0.0803704390813806,0,0,0,0,0,25.3635483145405,25.6194834357382,34.5283325198589,0,1.76404818078609,0.445787467248315,0.0608053202596602,0.0165976737386304,7.48658633486368,5.58843173002515,0.396866769004914,12.4067449803091,0.295533253035835,0.0151126619014123,0.525772418400895,0,0,0.0332603514214068,0.432073360511773,0,19.2479296913538,0
"SRR5874663",0,0,0,0,0,0,0,0,0,0,0,0,0,0,0,0.210412900333234,0.28216557245874,0,4.42469006322403,0.357759915945072,1.35043035680709,24.2443439395439,0.0508796998586014,0,1.2616437750315,1.51539506048915,0.0133944385168181,0.535788195491074,13.0021754252215,22.0662391855822,9.80708347239223,2.27125313499829,0.0993001231397194,0.0104816796647482,6.65684291228596,4.57021136392368,1.91861670758912,22.8709265248698,1.32278023813427,18.9956621924322,3.23434686797943,5.79903284444926,0.299117477243413,0,11.8670408395029,0.0360680465477906,21.9051102428863,4.69536310132054,6.62540292775134,0.781717791819535,2.20732752686012,0.00614561022688817,9.10371752772222,0.275622602662595,0.0171909097007259,0.111875615227299,0.0242718426420081,0.0255947991813618,2.81672135162149,0.300878996072001,14.5138621747365,15.3083881001231,0.47623884914766,5.70112879654418,16.901283526447,1.30081403010719,7.6770349670938,0,6.79383113732756,0,3.48648681198858,0.0693579853527318,0.24457252551079,2.66762218222696,1.22605893365572,0,0,0.110749822872811,0,0.220115272959711,0.505324531522026,0.879970174029066,1.72832655134961,0,0.477542046221094,0.0280104270998572,0,0.103246251811721,18.6282003155777,10.460836015566,19.7864955798777,11.8456433942846,0.0255329461142246,0.981868622436201,0.646329044421794,0.66316112554418,0.0131412103259529,0.151724365695467,0.540634003760694,0.0191404585182358,2.96642083320819,0.0316459657609809
"SRR5874664",0,0,0,0,0,0,0,0,0,0,0,0,0,0,0,0.636260288341499,0.252809099467889,0,1.09805025706383,0.536225721010208,1.02702238503725,23.6835860963081,0.109895259855719,0,1.67092879006468,0.939006288068848,0.0135009930465071,0.712125363368256,11.7585369439342,32.983363904783,10.8689567541596,2.31475815686159,0.0500450343753986,0.0316951884377525,6.18106307523157,4.76781967044639,3.58518310607333,27.1205749096244,1.59996375582455,15.8331873150409,7.62857906856076,6.63566249145725,0.865473730642385,0,12.7923104164972,0.0484732968369815,23.4963770978494,7.98523986683391,6.58578479823191,0.580584760168176,2.61011491260015,0.00619449936894185,7.4330013255379,0.169775965892657,0.0173276656607303,0.0902124804327389,0.0366973925399202,0.00859946973117315,2.25381973798905,0.448169402894027,15.5310088739322,13.1439734679499,0.842974932592467,5.07465067505828,15.8934237481038,1.08723335637071,8.72335930591148,0,4.31830057963141,0.0194975893721802,2.8657124292567,0.104864605947225,0.225974954602494,1.63093784212806,1.67974500237931,0.00971677309770514,0,0.279077130898449,0,0.348647072815277,0.238011427567603,1.07624029877844,1.535777189218,0,0.774924802065731,0.0423498806273257,0,0.173445982330372,17.3922331490705,12.3505832701815,16.5816530198018,10.7179295323928,0.0257360640770537,0.0210570110036279,0.7064139875867,0.302688298865509,0.0264915007837931,0.312814131317766,0.669491348755333,0.0289390850953392,3.96436341383819,0.0318977136034889
"SRR5874665",0,0,0,0,0,0,0,0,0,0,0,0,0,0,0,0.443918491840895,0.214968956711637,0,3.33729729319996,0.245059665827149,0.961689573431203,23.2862062608765,0.0383369345136858,0,1.55526800469701,0.733761535036268,0,0.623370677242024,11.192780865881,28.4291645829963,14.9926035030708,1.92114681114153,0.04801004449405,0.011056858731963,6.8115690773857,5.02624635341474,3.29923462342395,20.6187508146988,1.69647301134695,20.4602144990098,17.9917205286502,8.06494104373209,0.786972583128688,0,15.0225218231505,0.0253648466131514,24.66692339249,10.9455621875945,5.47925581999541,0.499108669863378,4.1262179029323,0.0129656975358524,7.90807844353877,0.0807631420421648,0.0272013836686106,0.0511397278073004,0.0512075056366586,0,1.50752100467141,0.27507102295338,11.6507470370904,13.7489206397096,0.557510739756764,3.48456876616139,15.4942450917176,1.60654835838523,10.9136023003256,0,5.70676937370639,0,2.58638778449052,0.0447113237126207,0.17199558027498,0.922625298163803,0.803627839698512,0,0,0.116827186601874,0,0.252096379088757,0.179345293074144,0.924374350861743,0.878599032859688,0,0.796706287089876,0.0295474909910359,0,0.0907598827509669,21.1619878515546,14.7412402778506,17.3690179288427,8.78923505549883,0.0404010884551187,0.0192825494841155,0.180717054274773,0.633556434020961,0,0.29100035513887,0.716949997777813,0.050476963776353,3.21842598863133,0.0333825287594411
"SRR5874669",0,0,0,0,0,0,0,0,0,0,0,0,0,0,0,0.00761085770617971,0,0.0306041536473194,17.0598493463116,0.423509088866089,1.58178009345152,16.7319779920245,0.00788731153590335,0,1.83070611717266,0.606542231585363,0,0.393300550538256,7.66367602140571,0.808005935524998,2.18994306546084,0.018256363134696,0.929375854502642,0,17.3586890964139,8.4687828890585,0.0760530417816856,27.8380813211684,2.75746149033673,1.90773067366945,0.210581560076127,0.0632189296876732,0.00381861046116078,0,5.92960956552938,0.150031240963558,33.4881935049438,3.22898571960995,4.16208677533306,0,6.35204454042974,0,8.09064730420819,0.0664637452092122,0,0.182099683109738,0.0855989826738218,0.0277737307378612,4.67683457656579,0.0580432656554315,6.63882556588548,17.0159153183403,2.01040772839706,10.539753945636,15.6288037351544,0.675643027431795,0.190686004966139,0.0114649960485891,4.01662872346535,0.0209904724434074,2.29262182340944,0.033450024941179,0.044232237841779,0,0.0387505499614323,0,0,0.390579005848162,0.0600890778227941,0.12283924337774,7.23608726113348,0.275677699802289,5.77753379224263,0,0.323413146645673,0.303950054310422,0.0171017244161532,0.0560178960028784,4.02985281545119,7.27875127035049,8.10841514702025,9.98895027181626,0,0.0793425332082291,2.94905927252182,56.1165664007802,0.0142599453340661,0.0224510366486732,4.14013746199051,0.0207699203778788,1.87499363557667,0.0114466813584156
"SRR5874670",0,0,0,0,0,0,0,0,0,0,0,0,0,0,0,0.0477233545028803,0,0.0533058942513487,12.7686800830646,0.865435961294383,1.77470453831577,15.0744789629726,0.0494568390362816,0,1.7967624299035,2.21858053974535,0,4.07899914839949,7.98740377835876,3.05082284669277,6.15915468344308,0.228950513449487,0.802348897579675,0.0356599510035411,15.7694695806907,8.34789587987628,0.0894159965461927,27.7023438253054,2.09617350363989,16.7277588343884,0.623539714690491,1.12824358044458,0,0,11.2175878554035,1.90197226153616,28.1631948918043,3.31974057403851,4.49250462057616,0.279947278906304,6.48797348629022,0,9.40814791331227,0.0260472685591083,0,0.298148002037231,0.17547350114768,0.130614936815296,5.34945080835991,1.02362699501369,15.053883958422,19.257961958438,2.03515762587492,13.2063496057425,17.410971077479,1.06411566938854,0.392333598151226,0.0269589229586771,4.59565495409888,0,2.08536764163565,0.124536721666634,0.658718539370968,0.0743899640140096,0.0607456578609218,0,0.0764141807218739,0.400333412209565,0.0627973979936573,0.203261720720184,10.0499471426501,1.50940907746519,8.98437344978154,0,0.460895379043075,0.262060933673955,0.375323111994311,0.175628162597245,7.45473532687952,5.43344097252478,11.8984212594625,10.7828701319226,0.0651496446560587,0.0577469102756306,2.95393072906102,38.1417889956966,0,0.0351944163951398,5.43908094780327,0,6.55679812733912,0
"SRR5874671",0,0,0,0,0,0,0,0,0,0,0,0,0,0,0,0.00916600129083689,0,0.0409528542665698,20.0776701167796,2.17376597860025,1.43351996932275,19.7023516748904,0.0854904919514655,0,1.49541491095849,6.07920326477957,0.0175046454671865,11.8175868395573,8.30047624458488,12.9329138601263,8.86896792166521,0.626621709902429,0.643449270440745,0.0342451992671545,14.7661928886439,8.80919492269664,0.698397616099103,28.9060494126807,2.33827736988718,30.745962542038,1.2116929934984,2.06740138853681,0.00919775136192159,0,13.9964777300721,9.75712284700144,29.6296783643997,4.30542569630595,4.30429646341493,1.69369714506338,6.12099692815759,0,10.500732998262,0.0800444309827054,0.0224660988358553,0.687166692283232,0.356848665003016,0.0111495997613991,6.87919322803187,0.860685317007274,32.4034151683231,24.9774873443249,2.6488977881686,13.0275455527935,27.043896634235,1.39818646250916,0.947303374987632,0.0759421538948418,10.0468151817397,0.113757761900998,1.70436936444824,0.100712358457452,5.6466528569397,0,0.202230325009821,0,0.0880590838298258,0.0542754101592637,0.0241224045152283,0.427380086854088,17.1021982382692,3.62802443398578,16.8472228267281,0.0438617037627595,1.14636013118022,0.109817054701882,0.803250163240082,0.854546001777906,10.5336499011627,4.20908813995596,18.4934363891093,13.0906969427302,0.216891779215463,0.290076982027662,3.31758444598499,16.1721696313678,0.0171737118712894,0.0630898501381311,2.80594348521611,0.0125069423410477,11.1326662430058,0
"SRR1028347",0,0,0,0,0,0,0,0,0,0,0,0,0,0,0,0.960512428338758,0.796378534678343,0.0484522111371768,8.07577913482159,1.42138235313542,1.72833391003216,25.3678657840054,0.497700853759461,0,1.89563341365517,1.01514470081521,0.0443788417497026,5.11962178970468,18.1639751576185,37.7490006210908,13.4022255274208,2.55484563491122,1.5627692130431,1.11130255149732,10.6381829265148,10.0565695372647,4.08306932477994,34.5549345799568,1.84533634012469,25.7620136938014,13.8833440183486,4.07829558684882,1.06877368686667,1.25069826551769,20.9584636751191,2.70870512665823,29.5490187814239,8.36525475852771,5.40778511865918,1.18140808628803,3.61792724944867,0.00678727128357481,14.3876442516853,0.0169111257836548,0.00949290334422536,1.79980649355691,0.0469106004680983,5.07866342877831,2.93590904263343,0.92303796914329,20.0389716239143,16.1343062529468,1.94991080935545,6.7315727875375,17.9169378425104,1.77884044701409,6.14970803835339,0.0116686767907218,6.54516528434196,0.0640901325012183,1.81482876353392,0.0425553493461773,14.0681384919003,0.0482975032728552,1.13058382605011,0,0.0248058605244937,0,0,0.444521020598926,1.2361328443595,2.91960898234537,5.03880387675111,2.52055280104537,0.927629133253946,0.0773374654740311,0.0696221765556194,0.380087191880189,20.8632986922716,39.0197102625582,23.9378279086435,11.391823704672,1.81882468100908,0.121128132775659,0.498808412339229,3.17834635464948,0.0435398387713501,1.11202794480769,0.426486724807084,0.042277814459137,6.80583847583271,0.0815502571236549
"SRR1028348",0,0,0,0,0,0,0,0,0,0,0,0,0,0,0,1.03578196149484,0.245529035778501,0,23.2736358696433,0.587384797806325,1.30356781157437,22.489059909523,0.309010617204525,0,0.927320904062471,1.11867831902137,0.0449561458946798,5.1098230342313,20.1849112580594,45.450940586002,9.52573399402933,2.44691243345225,0.444378544883752,1.06712570014446,6.97490784785509,7.35272275607296,3.49909414421649,30.1991699139885,1.69019625512519,22.1154072422545,16.3315463509706,4.40710574709237,0.889763542640276,5.58150780679888,15.4496431108242,2.1050335053443,32.157892502298,4.89637215630966,5.2390246437021,0.460298648516659,3.52537250460561,0.0137511276104093,14.9946194023244,0,0.00961639220135683,1.29753139573815,0.0135773826026968,11.0721450104434,3.12175134814125,0.617129930861533,15.6177437928346,22.3772804004936,1.15007864172256,5.87646723744901,12.6990176873739,3.06761846992185,5.75049857541461,0,7.51188008524851,0.0324619259261474,1.40071393871192,0.0258653595052687,26.8605571532087,0.195703134005096,1.43827251435561,0,0.0251285486690217,0,0,0.337727694111652,0.91406275158504,2.74339021108956,4.36016557305952,1.50196560278371,0.822234208481214,0.0470061080086472,0.0176319649372133,0.038503157309146,20.9743860662695,29.4816877753663,24.5862473282881,10.8733605134547,2.05672737835032,0.0321367182978215,0.514009204260437,1.7078366341269,0.0147020762362037,0.540099771914848,0.432034696414759,0.0535347341209593,8.6923167383151,0.0236031735101993
"SRR1028349",0,0,0,0,0,0,0,0,0,0,0,0,0,0,0,1.05575301275652,0.367052567389218,0,21.7475930561861,0.60871818223372,1.22307304234067,22.7412809755515,0.27555155784952,0,0.817872781437473,1.16338316680147,0.0149348878598192,5.34152493982735,21.8528856614699,45.2174441417668,9.20684189068,2.36832124587254,0.387521037625834,1.07521710122216,6.90999727197138,7.2942002086298,3.53614553471375,33.3306717550634,1.75436514029028,21.3396595632876,15.362915650009,4.25734004552902,0.886765433288213,6.41587553371717,15.3173714903971,2.01080556619686,32.1994155470545,4.98759702705847,5.24264843158245,0.481685028076972,3.16997129316724,0.00685239619813015,14.3983573176927,0,0,1.47611430116406,0.020297449248493,10.7114019108102,3.51485176967809,0.689602048983576,16.5917647631111,22.4476427833346,1.06201895623755,6.06700132037983,13.2731192157627,2.85846084548883,5.46171022509991,0,7.19862343646887,0.0323525436025962,1.34752213346916,0.0343709395881119,26.6109739695592,0.341326476849245,1.52633342444786,0,0,0,0,0.315552844923894,1.02683028385748,2.77519944648242,4.89063894105751,1.30979156300473,0.86477960492884,0.0468477182283617,0,0.0767468374190577,20.7173091435265,28.4227220435088,24.9212138333218,11.0200070411902,2.19214413937785,0.0320284317800492,0.529642550245686,1.56256706407916,0.0293050734921029,0.438313612270265,0.447802087923186,0.0213417383040315,9.19520412701374,0.0470472825232642
"SRR6517759",0,0,0,0,0,0,0,0,0,0,0,0,0,0,0,0.0501542665376387,0.0373651766134021,0.0522864228443561,13.356836798808,0.542665929126744,1.18529953941407,15.3967935066441,0,0.0198237791541507,3.18211016718467,2.91633753842834,0,0.575952041225971,16.3997160554664,0.2099313575415,2.37378494672433,0.0100255290754112,3.1854925121753,0.0624606374936334,10.7995210635038,10.7287110525322,0.0835294495437247,29.395827678251,3.28575220704516,1.32870810668275,0.873735089053798,0.224324189763358,0.0167759985594411,0,10.6815345298917,0.544490727937218,14.9524090977126,3.4082398477872,4.66675993216411,0,5.92141229766899,0,3.69439817565802,0,0,0.151111885372145,0.0433909873146675,0.183024193585996,9.35641624838249,0.0398432619880917,9.850227242049,25.4583437559797,2.17343242022701,18.9650360708807,12.6558756564803,0.550449920860228,0.471220709640118,0,0.852308202570432,0,6.11365871135841,0.027553751682093,0.0485804958283816,0,0.0567465728648783,0,0,0.0659961452762919,0.0439974301841946,0.104933870989304,2.39773801402343,0.561675584888386,12.0066392203862,0,0.452080787952381,0.200297950987007,0.0751316498730101,0.0410164968036368,4.29792437234672,4.27208100903717,8.14368567622138,10.2607449112062,0,0.0186733532160897,4.17631856826535,27.3494153568523,0,0.0821936326286978,8.10015846233225,0.068435133253894,1.13766365162237,0
"SRR6517763",0,0,0,0,0,0,0,0,0,0,0,0,0,0,0,0.0273721626218267,0.0305885947874776,0.0366888946851819,20.7040718396699,0.503178348819337,1.6552731830455,13.7046130906188,0,0,2.43324159313328,0.981632814382524,0,1.36836589956371,16.4415651109275,0.921783919611119,2.61247984769804,0.0246218704857801,8.43689887479013,0.0102265440906547,11.9479104998402,7.16303373746077,0.0341902369598008,30.2586883212697,2.60833478799281,1.84077793631785,0.294524469810855,0.376025896730011,0,0,8.94903844664736,0.926672916507755,12.2187685577807,3.33683081652935,2.67352981012382,0.0401415749352801,3.44727998586381,0,6.06467542453329,0,0.0167724641122355,0.96781830225154,0.0118405196914541,0.233070074624223,9.99932648576255,0.032617252383812,9.79234256557651,15.1781046369984,2.84454426922643,21.4723342833458,16.0719814142562,0.501956267716597,0.235742039245695,0.0103083564433799,0.620206955731057,0,4.69949758857183,0.11278289325361,0.159079574743518,0,0,0,0,0.0540270253845909,0.108054050769182,0.147262234905428,6.42314003310908,0.617869148404429,13.5899016822432,0,0.343655939899831,0.437257961543157,0,0.167888541423126,3.51844896688601,5.29787885736355,8.83163778737419,9.68287857283646,0.0498228924281292,0.056051369687187,5.01438329350734,21.4859158459838,0.0256426777198506,0.094201690735848,3.49640160067857,0.018674558774239,3.18304693471247,0
"SRR6517764",0,0,0,0,0,0,0,0,0,0,0,0,0,0,0,0,0,0.0082940803065487,18.9588618044472,0.780885837185152,0.941950648206834,9.66747993752293,0,0,0.757156710150531,1.00271784085066,0,1.75871861734975,15.3160634641251,0.614553890334365,2.53110272685777,0.0222645869120697,4.66510056971507,0,15.3582607433873,13.3550347010722,0.0927506506187715,29.5650127615805,3.29837472846545,3.40474689467041,0.114140086373713,0.130474861205105,0.00931398919582987,0,16.2955956836823,0.795525749930576,19.6716784252489,4.7561848354518,4.48495831373084,0,6.37898659303257,0,3.69201584205273,0,0,0.0296106746734007,0.0963622369454156,0.158067060829229,8.55297046233283,0.345085598437168,6.68732114345903,13.3212863736704,3.30493021643322,23.6105679383427,14.24196424022,0.704059657398717,0.290689409163821,0,2.26084070559112,0.0255989757978393,5.01664089303818,0.050992562293143,0,0,0.094516633038169,0.0510297831415321,0.0594479616529753,0,0,0.0998725755769986,6.02485374569628,0.955012361943421,12.6173500290399,0,0.44820363446531,0.29654635378112,0,0.273266982034784,4.0138661703414,4.18008831605442,12.8153599759859,8.21200407505931,0.101368974727741,0.228082698549547,5.68849693439744,17.6846843916069,0.0695629879640786,0.310309046831928,7.11373082180025,0.075990003156412,1.67901059124186,0
"SRR8757123",0,0,0,0,0,0,0,0,0,0,0,0,0,0,0,117.273216644352,0,44.0367416472855,68.3240593547333,0.300102733715189,0.742070715352984,28.5375305003488,2.31463706293418,2.21534744572397,7.40419958065144,7.00299334663312,0.134132430867089,41.6265921759321,9.244302023063,0.994214460596165,20.1238299933129,6.0525422583383,0.120156100507943,0.603542711746794,3.63990627985116,30.2698231020832,0.0526386375462486,11.6153528394983,21.5846162298895,0.629783699214046,4.79355364201776,34.6680219222934,25.9927993267942,0,18.4213876086265,1.38454950714786,64.007176880426,17.9177378418673,8.37363900723521,0.370807224770887,38.2567794086864,13.0408305404029,119.421226605938,0,0.766069465558771,0.39211437435182,5.18323703377955,2.23841725650884,2.84710780681091,38.4895803030355,34.172502588776,28.8793463497054,18.7796846350067,13.6137626622994,31.8662041211777,19.4722763414361,25.8570070801635,15.8282277556068,33.8775950388447,17.0851024193959,0.583348034755867,8.78224411017783,1.02048284594869,9.50306065337221,0.0357605885989048,0.144804281206149,0.922183273849138,0.0831789791414777,0,10.5551747988274,0.48711680364741,0.342895891989136,15.7020285368399,0.0672196070317406,28.4044641875292,180.766621508554,9.35882626051612,370.209423937727,18.1401621210324,101.236724787196,1.23609284607908,26.1525580952502,0.0511375840831125,12.2095228718216,0.725216724389759,0.0125300404391236,0.0394789781596864,7.41040004928987,8.07448995413376,146.361731697344,8.70605379988529,0.0739442522240134
"SRR8757127",0,0,0,0,0,0,0,0,0,0,0,0,0,0,0,121.708062023367,0,95.2891334742866,142.403335752245,0.147334397770833,1.03832504999155,31.9642223417446,3.02043442555495,1.93662006679281,8.65831030356411,5.4967507254996,0.0633946937215938,28.0856508701691,2.66427486132449,4.0092503033672,23.9103574008841,5.27528647213861,0.38381594391793,0.69452408899435,1.52477942350043,19.8868770245945,0.157563673921106,4.48577711473497,21.7737146129004,1.27179086426238,7.18449735162155,21.4310290318257,14.1136621825854,0,10.8983219393762,0.540571776140345,52.995899187691,33.9651239191297,7.73459596638181,0.876268710413432,27.6017183054462,14.7294694648704,137.948184865913,0,3.67761014517282,0.430657884916446,4.06662760861199,2.90731013997635,1.52765555506423,10.2783587745768,20.0543400420341,16.4025243645793,19.3733737964334,10.2376444033955,31.7266112221149,11.1372886780966,19.3681254056853,13.5965591854246,25.3664085168626,8.53265186156662,0.304511549223329,9.52333862423237,2.91314270661519,27.4865957339751,0.146479167935717,0.10950160819181,1.14809084099066,0,0.034944608251288,12.9955378823543,0.420216255525993,0.0209112354645636,3.89627116994161,0.190619063815476,36.2652178239963,209.408955647493,12.6953699226915,631.994298050363,33.7516100680545,71.3719736304546,0.354699924170689,26.1406872982518,0.0966761419189815,8.94071880139716,0.287474003817237,0,0.0248784748296484,7.4551630148135,6.57970189573595,145.098160870728,7.61752495778981,0.159762729736719
"SRR8757129",0,0,0,0,0,0,0,0,0,0,0,0,0,0,0,158.628853407704,0,79.6324727588378,16.4984324786541,0.41067082894418,2.1475560911765,30.6271799213,3.41019458361987,2.63045024270977,8.61412863174967,11.5426842067735,0.0511959577336256,41.7958056763677,8.12655153960143,3.19033530974128,29.7014403390009,8.41588175137684,0.13442146671852,0.911430258652241,4.15189319934378,30.6601939358699,0.0251140369777885,10.7312355101459,26.1376954512809,1.05165029844489,3.46143183945291,22.4647063412633,19.4021493909737,0,21.023458530873,2.57910414566276,74.7768853428603,23.9840890302253,9.49265965098243,0.294855223863054,31.2504570598277,17.7640324958351,111.933526515148,0,1.58517545798788,0.68061061246243,6.02433995911368,4.86693975326823,3.08063727681502,32.5901116660721,86.5060119274585,26.8073234204928,21.2771886239458,13.2146427598275,49.6691593657419,19.6978430401949,30.6233570481051,22.8468924036556,51.3207454741732,25.7294274408253,0.780949003716814,4.27103491009567,2.47332570189818,25.1978197336002,0.170614739720668,1.11459579076057,5.0865534843151,0.185196278971428,0,16.1293108630063,0.600190908749526,0.15128284192851,6.79068208208067,0,42.9451964416886,217.01244419405,5.16538499808972,288.307017583314,16.6704638628715,69.1397367859035,1.06715446139832,57.203886012027,0.0243978802925833,18.2154357179976,0.840824177294384,0,0.0125570184888943,11.2556785989173,6.77484192261342,146.782947307296,18.0752996400602,0.251992883013952
"SRR8757130",0,0,0,0,0,0,0,0,0,0,0,0,0,0,0,153.929653838876,0.0769791148645496,66.7338421810305,20.7462411297116,0.385592922504898,1.69498974623681,28.7347854293393,3.11246431075344,3.36526707312768,8.07579535578588,7.39281862020599,0.2236376009427,38.9632426787094,6.94069009617363,2.87020794904939,33.3197131168322,9.83563866719267,0.170670800719429,0.823554339979467,4.51818700421248,28.116177521301,0.215107476860309,8.77291172714138,25.6616189497108,0.912460774409068,3.57893186031077,22.8477643761881,21.9086191414322,0.120240842221799,18.3995983526393,4.74677678978607,71.1698686589508,22.5640032717052,9.39323162023395,0.26265226029719,37.2755309841172,13.7556376769697,118.669653131235,0.0902329102934025,0.827306295970262,0.728850823120329,4.85108128449656,3.28464114666229,2.79973205599872,27.8890042727814,35.2421528392552,24.0032157464171,23.9626607609923,12.0096337575279,47.3265517670633,21.6757205517504,35.9735726822008,21.7549290894636,46.4275920388751,30.3590295214547,0.546506105792826,4.86293520007569,0.720610047482034,49.521658693517,0.233816689584076,0.463925592612521,2.4706630199384,0.135964159902271,0.145028437229089,22.3842069606419,0.621530997506406,0.235047046432668,10.8435836503581,0.131852410212723,22.5956848174941,277.961379757481,5.97470001182001,345.273145095822,19.9021288520671,74.6626563405235,1.87619194559995,54.3661181213517,0.0626920292637825,20.3739934571529,0.573598799587704,0.0491557777533931,0.25812897223237,11.1557208708367,11.6966388759715,111.334252335974,16.6973193618756,0.424768542365608
"SRR8757131",0,0,0,0,0,0,0,0,0,0,0,0,0,0,0,170.894261762351,0,34.110138160816,21.1975692150083,0.30707428886191,0.537011607044408,24.7810116970494,3.45731280659713,1.63232099222995,29.6013769268017,5.76519949173426,0.107303296587372,35.0609973986023,6.43232536184733,1.29886103141059,15.2559567106863,6.37249161259477,0.435037213960317,0.771465992756296,4.20693983496529,22.6487679991105,0.087728897541583,9.31013087981236,23.2084671124546,1.91793029739042,9.0254773636515,24.300673910177,31.9792343691373,0,17.5354555334243,2.31755828502119,56.7256056033237,17.5496621698391,8.46515412201471,0.700396361914928,35.3073710683664,16.6283409885861,156.275470651238,0,0.628333605740798,0.179247861813044,6.75080214986508,0.598035653299454,2.18625296937728,29.9854451571836,23.513772195256,32.498281082066,14.4697127024324,7.98419290301752,27.8531988349966,17.6188723597046,30.1126066623117,12.1353804849116,33.5452189866771,8.84258138477583,0.32213947219392,9.71965156988113,0.0612274597425632,15.4147225799555,0.21455823657421,0.241334512853899,0.65225987725751,0.0554512842951516,0.0369675228634344,10.9012868037645,0.288479531402829,0.317078698683539,13.3389938210049,0.0336089740899457,37.8863807671192,155.65825275447,8.22230717134736,259.040259151726,16.8722063928566,36.134772599912,1.53036289920104,54.1145007087597,0.0383522415787153,6.7936512365427,0.460072374386335,0.0125297312215951,0.0263186692624749,5.77347768693112,8.43005445718659,136.966359856807,9.51047868733157,0.147884854841462
"SRR8757133",0,0,0,0,0,0,0,0,0,0,0,0,0,0,0,154.262959028436,0,32.4211064155591,31.4641945992988,0.341729302575682,0.980090740628189,30.0619981063699,3.53547832775933,3.57227630265544,16.4223088674661,6.57778688597594,0.118218930130391,38.5983468124349,7.23256388086082,3.74530757851104,22.6239644971431,7.12747200663838,0.373290016359928,0.524229022975029,4.29290079271146,26.6790287285823,0.0687312268928338,9.27612830060093,23.5339801457989,0.841009127767426,10.9955936247535,30.8868093346528,25.3681787137124,0,18.9922613725334,4.38595638703143,69.7669500805294,77.3871129160986,10.1314319654798,0.685907132864524,32.3549485315374,17.4173812193658,143.586906515245,0,0.328740697778793,0.405935621348479,6.11724498208669,1.17132795831174,2.51450323653975,28.5028967712629,30.2252539332855,29.0952945490818,18.5786830833646,11.0707820182816,31.3987348355505,14.7001992099927,34.6164252676303,16.5365269967351,44.5787545734269,14.2651900503098,0.537160668703066,7.4554017621914,0.259830289165183,33.4081129211083,0.373546010061999,0.255249339653792,3.23788514190459,0.108608306646695,0.0181013844411158,12.0696023289663,0.541866707102217,0.26719096794083,10.8384825068662,0.0658273980565101,32.2368644055145,158.385117524682,7.18671403811759,358.711267551614,16.9564473254172,70.3742426005357,1.39062438361632,43.1516516928117,0.250392277769325,11.6467832924426,0.427645207421361,0,0,6.26949248364607,7.16500431401577,157.164129235752,11.950254951915,0.14482553350372
"SRR8757134",0,0,0,0,0,0,0,0,0,0,0,0,0,0,0,171.294140431069,0,33.9940385227649,91.8615167191124,0.35913345495932,1.16979630256623,29.3290975389665,2.95733888067826,2.87899621925547,7.41588193831305,8.74112321465613,0.139737992047444,46.8791677291842,6.15824486941672,5.262348948168,30.4930470218613,10.3595533130385,0.14911435082119,0.904627061648553,3.84353376956749,24.0875451055126,0.0166177186984809,9.8485538088719,15.52990198368,0.704904203881989,5.35789164550653,19.0370501851243,20.4821851220703,0,15.8858564141307,4.64650362185647,68.306514302635,19.0037349982915,9.93940546678774,0.54628808898978,25.1473768148811,14.2275490692322,116.846336873381,0,0.855963927265145,0.381975262078169,5.31755545754077,4.79015402948071,2.6463805987281,23.64027702233,35.9772305771825,22.3793297416568,22.4072836621858,11.7960550472825,45.9892838638089,17.0279479394588,41.0610700696208,15.9726520940432,43.9730706912999,32.3253267467487,0.585462796772599,4.02719685683907,0.560559504012992,31.6872933056314,0.270945949757115,0.356568330868773,1.29942505715608,0.0525182619244443,0.0350121746162962,13.933244940732,0.479256136306403,0.146661675410415,7.79412944701271,0.0954938155195423,28.4560427874583,358.766281778525,11.8081483538117,330.267984202928,17.4067410540888,61.2016987409414,0.912853583552921,48.4752136975304,0.024215766977245,16.1278779661883,0.760694200061873,0,0.261729069501074,12.7414514117874,7.47141378851436,128.986506753387,18.6394302793192,0.30013431634936
"SRR8757135",0,0,0,0,0,0,0,0,0,0,0,0,0,0,0,151.353087004362,0,20.8101026171271,47.9649969924524,0.361387878291559,0.726023786632048,31.2632213619338,3.0198083767881,1.90908414218367,9.5529524012441,10.8749310461182,0.088936764808617,37.5485035391622,5.56582680613728,2.31636888069072,19.7998268286501,5.07079559957906,0.192306250222141,0.313184464647487,2.48345923460362,16.0155224678139,0.0831003554620198,8.2588299662131,15.3537982141362,0.43384860903548,14.7874199471107,17.8154881756039,18.2586626338583,0,16.1297818242868,6.36917700521153,62.7909616228779,40.8537335303145,9.600522470685,0.546365421191878,21.9918103331382,17.1151156483019,121.815022284012,0,0.611489354990212,0.191014667129344,2.92967410991171,2.07980380915773,2.62529504127058,22.118330752221,25.2658578847945,23.2257164972925,19.7551361517307,11.6585538847349,25.8419505559129,11.3434054437616,47.7446786354905,9.78137719987032,36.4609840517155,14.3576327256922,0.404108986641919,2.37572460418225,0.502641733384856,75.1642715153969,0.214529241218648,0.201169583131233,1.40613433107035,0.0787885445654056,0.017508565458979,9.73556278675617,0.568917246704536,0.164144631596676,7.1103524173519,0.0636715557097814,37.1211333658337,148.043591687448,14.7249020371253,335.635812197852,16.0160156604538,60.5034092401958,0.892074803335262,41.8846154509498,0.0363287924192348,9.6528313097875,1.03409964742095,0,0.012465053319303,6.20808474047969,5.04025524391745,166.822924835561,7.69064138256043,0.200117868784337
"SRR8757078",0,0,0,0,0,0,0,0,0,0,0,0,0,0,0,176.856957044666,0.276021360660092,29.3424740132724,62.3120604172085,0.429508172689418,1.70254777693978,23.8363195027575,3.07163011147335,2.55457846542906,5.91254123846615,6.45814771603219,0.196541579070426,36.9068748981448,6.81181193187787,1.57428672889366,28.4451134951912,6.97808566560497,0.246892017852336,0.481911632660406,3.90985793522019,21.7486367520272,0.0685603084890003,10.0072863779118,17.6457523153145,0.824935773509593,8.14181647106262,28.6049028432631,30.5513140252337,0,19.6604922021465,6.8389551348348,63.3529469858144,29.533954670117,5.96219477244355,0.22135929040476,43.1852505659952,18.1856597119406,277.370661085123,0.119831495706861,0.285881761438636,0.288190686810895,5.61529480442344,0.834582243597933,2.40128076180251,25.4102565313408,26.794863394229,26.4013494172084,17.0042058314739,12.2734689924684,24.08408115415,25.464068510542,34.0576183159587,15.3016581602332,31.7007853309627,12.4226176498473,0.722938325297011,4.37240741993854,0.179435182373556,22.5446641059013,0.151375692385442,0.311195615561728,0.505348064643891,0.0812536674899119,0,6.60116402354829,0.318767740401153,0.0900427455456927,6.86565507967762,0.0328318503961779,25.0037715447806,227.300801669879,2.51294904574707,504.266400784692,17.5333806776446,141.47472625704,1.29373016053479,26.0296171209807,0.0624424027592847,6.36068007828592,0.50275706759383,0,0.141405636258563,6.25390172968177,5.42460888186159,125.776261314194,6.73743813779572,0.278611816720601
"SRR8757080",0,0,0,0,0,0,0,0,0,0,0,0,0,0,0,156.057900310539,0,15.514833636035,105.24636067965,0.444854686411241,3.4168091345985,25.5951117586667,3.28477566632089,4.38752641570716,4.7826943782861,6.04747677737155,0.0641226899657177,39.1558533868869,5.48452400312024,2.14646768666085,20.7876762878405,4.52239770062802,0.23372640138256,0.15053564834809,3.09346788928742,16.4266943926006,0.0335522241094249,8.8945283551934,15.1180007580871,0.738993182799712,10.5082484584015,25.8349208181619,26.6916190039807,0,19.3979840135084,9.43338457986872,56.7094217250246,20.146889492743,5.66750076849661,0.492406326372256,30.7340763060571,18.0054365059995,288.772934042871,0,0.403257226554336,0.328487784959491,5.08356083325733,0.857703112680976,1.92788780651018,26.9064228429767,27.7843096538057,25.8094319020796,14.9304354126773,10.7806554905219,16.7375298307893,20.8426900736721,24.2910080710714,8.61882822478086,30.2858553729462,6.74152762195707,0.607692294713947,2.27628346683728,0.156111042731352,56.1487999090139,0.364704662243952,0.156908690394943,0.688162963876981,0.0397641335259105,0,4.67864795065862,0.352694284990768,0.0740297975149233,4.65137656785587,0.128538698462409,25.3548433625931,95.4475827943828,4.97953242507046,639.18593500749,16.3950470681894,151.28119675227,0.548711859792313,20.62742387026,0.0611164546217473,3.70036417254266,0.41752340202206,0,0.113238756369309,3.80340303377231,4.34810335860166,150.447944970356,4.08388201721642,0.504991791583048
